{"training_data": {"train_loss": 0.04971614480018616, "train_acc": 0.984209418296814}, "validation_data": {"val_loss": 0.13074441254138947, "val_acc": 0.9614728093147278}}