{"accuracy": [0.5563696026802063, 0.8524788618087769, 0.9094957113265991, 0.9367949366569519, 0.9528700709342957, 0.9623586535453796, 0.9696991443634033, 0.9745785593986511, 0.9789743423461914, 0.9815492033958435], "loss": [1.5115489959716797, 0.4704987108707428, 0.2788733243942261, 0.19504037499427795, 0.14252020418643951, 0.1143353059887886, 0.09261669963598251, 0.07876569777727127, 0.06518127769231796, 0.058522406965494156], "val_accuracy": [0.828363299369812, 0.9009788036346436, 0.9336444139480591, 0.9479285478591919, 0.9183928966522217, 0.9612451791763306, 0.9564648270606995, 0.9383678436279297, 0.9658547639846802, 0.9614728093147278], "val_loss": [0.5506128072738647, 0.3043597340583801, 0.20178106427192688, 0.1577111929655075, 0.27739468216896057, 0.12248209118843079, 0.14369086921215057, 0.1985962837934494, 0.1084846779704094, 0.1307443529367447]}